id,first_name,last_name,email,gender,ip_address
1,Lydon,Smalridge,lsmalridge0@hibu.com,Male,56.151.71.134
2,Gratiana,Drohane,gdrohane1@bing.com,Female,58.184.215.220
3,Wilek,Domokos,wdomokos2@usda.gov,Agender,192.99.250.140
4,Wilow,Trownson,wtrownson3@newyorker.com,Female,10.204.136.197
5,Adan,Kreber,akreber4@sphinn.com,Female,147.116.13.51
6,Lindsey,Busfield,lbusfield5@i2i.jp,Male,145.199.5.222
7,Cariotta,Blight,cblight6@blogs.com,Female,4.102.183.238
8,Morton,Pitkeathley,mpitkeathley7@businessweek.com,Male,152.174.114.236
9,Madelene,Brazener,mbrazener8@xing.com,Female,74.152.41.116
10,Jason,Stanyard,jstanyard9@wp.com,Male,130.132.120.246
11,Jacynth,Gidley,jgidleya@jalbum.net,Female,83.236.101.15
12,Tymothy,Sondon,tsondonb@360.cn,Male,203.215.173.236
13,Roshelle,Splain,rsplainc@drupal.org,Female,183.81.189.56
14,Kirby,Sangster,ksangsterd@usnews.com,Male,116.116.226.160
15,Wright,Moan,wmoane@lycos.com,Male,248.138.64.208
16,Hubie,Guyonneau,hguyonneauf@youku.com,Male,82.24.6.101
17,Susette,Cuvley,scuvleyg@fotki.com,Female,231.20.158.147
18,Dasi,Britton,dbrittonh@sun.com,Female,55.72.175.132
19,Pryce,Kilius,pkiliusi@storify.com,Male,107.198.2.58
20,Carmelle,Eshelby,ceshelbyj@illinois.edu,Female,207.104.153.124
21,Artemas,Bowmer,abowmerk@scribd.com,Male,50.248.14.25
22,Gerik,Swepson,gswepsonl@bizjournals.com,Male,152.102.199.102
23,Asa,Cullimore,acullimorem@shop-pro.jp,Male,243.123.161.203
24,Hinda,Glader,hgladern@home.pl,Genderfluid,49.236.81.234
25,Bartholomeus,Espinet,bespineto@ovh.net,Male,57.92.215.124
26,Hanan,Hanington,hhaningtonp@zdnet.com,Male,153.107.93.9
27,Euphemia,Raggatt,eraggattq@japanpost.jp,Non-binary,95.53.39.117
28,Nesta,Paoloni,npaolonir@reuters.com,Female,135.167.16.151
29,Ervin,Ferrulli,eferrullis@intel.com,Male,248.132.82.164
30,Xylina,Claypole,xclaypolet@phoca.cz,Female,165.105.112.217
31,Matias,Good,mgoodu@toplist.cz,Male,16.177.108.21
32,Myca,Pavolillo,mpavolillov@cbsnews.com,Male,129.203.26.19
33,Iago,Shegog,ishegogw@google.it,Male,245.246.92.12
34,Claybourne,Von Helmholtz,cvonhelmholtzx@mapquest.com,Male,127.167.92.178
35,Miquela,Ivashnyov,mivashnyovy@hao123.com,Female,150.87.57.154
36,Linn,Neubigging,lneubiggingz@cbsnews.com,Agender,184.66.160.182
37,Margo,Grange,mgrange10@gnu.org,Female,121.190.167.198
38,Mae,Letterick,mletterick11@technorati.com,Female,51.189.2.5
39,Anneliese,Alastair,aalastair12@mediafire.com,Female,44.46.75.205
40,Linn,Macy,lmacy13@businessweek.com,Female,16.107.214.51
41,Hali,Varlow,hvarlow14@barnesandnoble.com,Female,48.213.166.239
42,Godfree,Izaks,gizaks15@jiathis.com,Male,153.62.148.101
43,Janeva,Willgoss,jwillgoss16@imdb.com,Female,112.166.128.35
44,Olivette,Cordingly,ocordingly17@theatlantic.com,Female,39.85.123.94
45,Nikkie,Gallifont,ngallifont18@archive.org,Female,169.31.208.138
46,Brigitte,Jarritt,bjarritt19@unesco.org,Female,173.164.43.14
47,Wilt,Barthod,wbarthod1a@plala.or.jp,Male,64.157.117.44
48,Hayden,Champkin,hchampkin1b@webmd.com,Male,183.232.90.185
49,Simonette,Dollimore,sdollimore1c@usa.gov,Female,166.14.26.90
50,Victoria,Tilmouth,vtilmouth1d@sogou.com,Female,128.148.197.24
51,Raddy,Tradewell,rtradewell1e@blogtalkradio.com,Male,237.181.61.77
52,Karoline,Mitrikhin,kmitrikhin1f@accuweather.com,Female,19.59.14.154
53,Jolee,Dymocke,jdymocke1g@eepurl.com,Female,156.82.100.212
54,Rickie,Hazelden,rhazelden1h@wordpress.org,Female,182.26.224.145
55,Murvyn,Devote,mdevote1i@about.me,Male,80.46.77.61
56,Janot,Beavors,jbeavors1j@addtoany.com,Female,20.252.217.122
57,Ambrosi,Ninnoli,aninnoli1k@ox.ac.uk,Male,6.63.198.206
58,Darelle,Gammons,dgammons1l@ezinearticles.com,Female,146.241.227.166
59,Kati,Doncom,kdoncom1m@twitter.com,Female,122.205.20.40
60,Neal,Coughan,ncoughan1n@topsy.com,Male,214.15.91.41
61,Blinnie,Loveland,bloveland1o@house.gov,Non-binary,219.167.5.255
62,Waneta,Focke,wfocke1p@slashdot.org,Female,125.167.4.107
63,Frank,Scading,fscading1q@printfriendly.com,Female,153.198.227.163
64,Benjamen,Buttery,bbuttery1r@stanford.edu,Male,107.118.136.235
65,Ricardo,Mycock,rmycock1s@wikipedia.org,Male,118.2.197.143
66,Aurora,Fedoronko,afedoronko1t@wunderground.com,Female,100.70.35.9
67,Rickie,Creasey,rcreasey1u@bravesites.com,Male,67.205.181.182
68,Alick,Flaxman,aflaxman1v@phpbb.com,Male,185.74.122.68
69,Ivar,Suscens,isuscens1w@sakura.ne.jp,Male,120.190.190.22
70,Clemmy,Stebbings,cstebbings1x@free.fr,Male,146.71.60.80
71,Maddie,Longford,mlongford1y@answers.com,Male,174.204.20.169
72,Wright,Latehouse,wlatehouse1z@nhs.uk,Male,189.242.60.210
73,Ashil,Yurygyn,ayurygyn20@aol.com,Agender,248.89.191.40
74,Hunfredo,Myers,hmyers21@ovh.net,Male,143.80.157.94
75,North,Chiles,nchiles22@japanpost.jp,Male,157.152.119.5
76,Pauly,Wiley,pwiley23@cbslocal.com,Female,11.251.1.138
77,Kary,Rawlinson,krawlinson24@odnoklassniki.ru,Female,250.105.50.29
78,Gabbie,Setchfield,gsetchfield25@domainmarket.com,Non-binary,65.135.247.84
79,Sven,Manicomb,smanicomb26@eepurl.com,Male,125.70.246.23
80,Lind,Glyssanne,lglyssanne27@csmonitor.com,Male,249.227.163.55
81,Jordan,Hammond,jhammond28@purevolume.com,Female,213.106.149.18
82,Kimmie,Lidgertwood,klidgertwood29@goodreads.com,Female,143.132.87.50
83,Katey,Bolens,kbolens2a@barnesandnoble.com,Female,196.18.240.27
84,Andonis,Farfull,afarfull2b@ask.com,Male,120.162.78.168
85,Maury,Spritt,mspritt2c@miitbeian.gov.cn,Male,82.247.129.173
86,Joshuah,Sogg,jsogg2d@mysql.com,Male,179.195.35.96
87,Lorena,Hearnah,lhearnah2e@sciencedaily.com,Female,214.191.207.166
88,Vlad,Doleman,vdoleman2f@networkadvertising.org,Male,137.229.100.68
89,Tobie,Gain,tgain2g@plala.or.jp,Male,119.83.37.221
90,Alverta,Eadon,aeadon2h@statcounter.com,Genderfluid,255.177.3.58
91,Clari,Skull,cskull2i@cnn.com,Female,204.47.50.222
92,Rachael,Dampney,rdampney2j@reverbnation.com,Female,71.100.214.182
93,Zed,Zanitti,zzanitti2k@uiuc.edu,Genderfluid,29.1.32.45
94,Marijo,Picot,mpicot2l@istockphoto.com,Female,210.1.59.102
95,Virgina,Delort,vdelort2m@goodreads.com,Female,26.33.137.15
96,Natal,Fullwood,nfullwood2n@shutterfly.com,Male,89.181.163.229
97,Marion,Bremner,mbremner2o@upenn.edu,Male,19.249.98.165
98,Glynis,Aveyard,gaveyard2p@google.fr,Female,160.15.183.26
99,Rhianna,Wykes,rwykes2q@phpbb.com,Non-binary,185.107.209.147
100,Abel,Sperwell,asperwell2r@drupal.org,Male,98.167.87.250
101,Burg,Maidment,bmaidment2s@msu.edu,Male,157.147.95.240
102,Ralph,Mattei,rmattei2t@chron.com,Male,119.180.69.102
103,Al,Fawdery,afawdery2u@sciencedaily.com,Male,214.212.155.152
104,Ruthy,Garwill,rgarwill2v@slate.com,Female,13.28.116.228
105,Karissa,Ibbeson,kibbeson2w@naver.com,Female,120.15.213.167
106,Doti,Housam,dhousam2x@dropbox.com,Female,52.236.19.184
107,Obediah,Styche,ostyche2y@chicagotribune.com,Male,223.47.251.98
108,Addison,Crowley,acrowley2z@baidu.com,Male,94.188.174.97
109,Ginger,Labat,glabat30@xinhuanet.com,Non-binary,202.111.178.149
110,Rebbecca,Bestman,rbestman31@edublogs.org,Female,131.163.184.32
111,Garrik,Emanuele,gemanuele32@1688.com,Male,23.136.249.25
112,Bobine,Cuerda,bcuerda33@cdbaby.com,Female,27.119.23.223
113,Val,Jozsa,vjozsa34@fda.gov,Male,250.200.7.193
114,Derward,Blemen,dblemen35@bloglines.com,Male,104.122.116.24
115,Jemima,Althrop,jalthrop36@xinhuanet.com,Polygender,189.80.115.54
116,Cherida,Gummer,cgummer37@nhs.uk,Female,21.213.144.35
117,Nerti,Jeannon,njeannon38@moonfruit.com,Female,168.196.109.101
118,Shell,Tuttiett,stuttiett39@scribd.com,Male,10.223.192.149
119,Maximo,Carss,mcarss3a@shinystat.com,Male,88.167.198.78
120,Zahara,Yandle,zyandle3b@wordpress.org,Female,201.201.132.72
121,Bernetta,Theobald,btheobald3c@java.com,Polygender,195.244.10.19
122,Sam,Avramovich,savramovich3d@utexas.edu,Female,231.28.224.16
123,Talia,Albiston,talbiston3e@instagram.com,Bigender,126.21.186.63
124,Rose,Ornells,rornells3f@bloglines.com,Genderqueer,227.80.216.238
125,Chelsae,Spence,cspence3g@symantec.com,Female,125.51.167.103
126,Fabien,Millmore,fmillmore3h@google.nl,Male,212.163.175.100
127,Tyrone,Cossons,tcossons3i@netlog.com,Male,157.107.181.229
128,Patrick,Lackham,plackham3j@eventbrite.com,Male,108.195.141.86
129,Alfie,Gascoyen,agascoyen3k@illinois.edu,Male,115.103.191.81
130,Jemie,Keenleyside,jkeenleyside3l@alexa.com,Female,1.126.79.191
131,Chrysa,Pietsma,cpietsma3m@hibu.com,Female,240.75.84.158
132,Becky,Goodbarne,bgoodbarne3n@gov.uk,Female,83.9.195.209
133,Julita,Revell,jrevell3o@un.org,Polygender,215.244.104.214
134,Halsy,Odams,hodams3p@phoca.cz,Male,227.35.149.36
135,Juieta,Frayn,jfrayn3q@berkeley.edu,Female,195.34.138.208
136,Conny,Gerb,cgerb3r@constantcontact.com,Male,6.162.119.187
137,Chancey,Manklow,cmanklow3s@state.gov,Male,144.46.195.96
138,Ariel,Simmen,asimmen3t@lycos.com,Male,29.35.81.104
139,Winfield,Cousans,wcousans3u@altervista.org,Male,120.251.205.145
140,Zack,Sommers,zsommers3v@booking.com,Male,190.18.232.162
141,Silvan,Halton,shalton3w@census.gov,Male,120.128.85.185
142,Currie,Chapier,cchapier3x@seattletimes.com,Genderqueer,147.230.173.173
143,Sheilakathryn,Agius,sagius3y@twitter.com,Female,179.89.141.100
144,Eustacia,Poate,epoate3z@usgs.gov,Female,71.248.249.131
145,Nissy,Bould,nbould40@ed.gov,Female,143.113.23.156
146,Faye,Salzen,fsalzen41@aboutads.info,Female,216.210.45.129
147,Bram,Nuzzetti,bnuzzetti42@g.co,Male,190.250.28.18
148,Torey,Klainer,tklainer43@free.fr,Female,252.54.103.107
149,Chev,Michelin,cmichelin44@homestead.com,Male,252.151.216.155
150,Carey,Reiglar,creiglar45@globo.com,Female,46.132.241.22
151,Frankie,Shilling,fshilling46@dot.gov,Male,134.225.70.28
152,Lyndsey,Brockett,lbrockett47@house.gov,Female,205.164.209.13
153,Katheryn,Papaccio,kpapaccio48@geocities.com,Female,88.185.52.248
154,Rourke,Bacon,rbacon49@paginegialle.it,Male,33.46.24.143
155,Vitia,Whitton,vwhitton4a@slideshare.net,Female,49.47.168.196
156,Beret,Arderne,barderne4b@about.me,Agender,202.169.182.233
157,Jackqueline,Colliford,jcolliford4c@google.pl,Female,175.102.238.107
158,Emelina,Denes,edenes4d@prnewswire.com,Female,205.29.53.209
159,Tabitha,Winters,twinters4e@furl.net,Female,9.89.70.225
160,Conny,Footitt,cfootitt4f@google.cn,Male,98.201.188.215
161,Tatiania,Piddlesden,tpiddlesden4g@theatlantic.com,Female,18.71.69.173
162,Adeline,Sutheran,asutheran4h@elegantthemes.com,Female,136.79.36.144
163,Alaric,Coch,acoch4i@xrea.com,Male,222.151.136.166
164,Krissy,Schaumaker,kschaumaker4j@state.gov,Female,8.157.27.98
165,Maryellen,Girk,mgirk4k@mozilla.com,Female,199.80.243.37
166,Karon,Dullard,kdullard4l@latimes.com,Female,85.240.85.171
167,Phoebe,Sedwick,psedwick4m@domainmarket.com,Female,14.31.6.39
168,Courtnay,Stanner,cstanner4n@sourceforge.net,Male,93.74.175.107
169,Sayre,Glaze,sglaze4o@netscape.com,Male,165.238.194.205
170,Annora,Lyndon,alyndon4p@nasa.gov,Female,72.103.188.197
171,Kingsly,Thorington,kthorington4q@nature.com,Male,211.156.200.34
172,Bobine,Lovering,blovering4r@sourceforge.net,Female,233.181.221.42
173,Cherey,Negal,cnegal4s@sohu.com,Female,36.115.203.20
174,Anatole,Cumpton,acumpton4t@posterous.com,Male,94.1.73.179
175,Dallas,Call,dcall4u@shinystat.com,Male,216.188.230.192
176,Venus,Streeting,vstreeting4v@slate.com,Genderfluid,71.9.71.129
177,Asa,Jaquemar,ajaquemar4w@forbes.com,Male,226.3.82.255
178,Rozalie,Malden,rmalden4x@dmoz.org,Female,150.158.33.130
179,Christi,Coverlyn,ccoverlyn4y@nsw.gov.au,Female,251.243.245.191
180,Brew,Nuttall,bnuttall4z@mashable.com,Male,141.85.199.60
181,Dewie,Groneway,dgroneway50@yale.edu,Male,68.113.227.210
182,Ellissa,Aubury,eaubury51@springer.com,Female,28.2.153.244
183,Feodora,Carillo,fcarillo52@hexun.com,Female,106.71.238.36
184,Darill,Pattini,dpattini53@msu.edu,Male,222.47.88.101
185,Riccardo,Dolden,rdolden54@uiuc.edu,Genderqueer,107.76.100.217
186,Vonnie,Valentine,vvalentine55@engadget.com,Female,208.163.1.195
187,Hadlee,Manclark,hmanclark56@g.co,Male,112.140.3.62
188,Warren,Boshere,wboshere57@google.es,Male,118.89.229.228
189,Emmalynne,Hachette,ehachette58@amazonaws.com,Female,240.29.193.25
190,Patrizius,Blackadder,pblackadder59@hugedomains.com,Male,253.145.12.217
191,Levey,Ingliss,lingliss5a@paypal.com,Male,155.143.39.52
192,Adlai,Bimson,abimson5b@hp.com,Male,45.206.54.240
193,Ameline,Chittem,achittem5c@tmall.com,Female,100.226.229.46
194,Crin,Harrill,charrill5d@nydailynews.com,Female,47.1.184.172
195,Leigh,Mion,lmion5e@ftc.gov,Genderfluid,59.7.182.138
196,Becki,Rosbotham,brosbotham5f@histats.com,Female,166.50.94.13
197,Boone,Ollcott,bollcott5g@umn.edu,Male,187.242.195.115
198,Gary,Threadkell,gthreadkell5h@over-blog.com,Male,224.220.7.68
199,Amity,Quade,aquade5i@rambler.ru,Female,151.6.13.39
200,Charissa,Freeman,cfreeman5j@domainmarket.com,Female,6.165.178.121
201,Dyanna,Godilington,dgodilington5k@miitbeian.gov.cn,Female,155.149.210.64
202,Ryan,Rawlins,rrawlins5l@histats.com,Male,175.185.200.18
203,Odell,Predohl,opredohl5m@bloglovin.com,Male,80.33.157.148
204,Rochelle,Eburah,reburah5n@xing.com,Female,167.231.43.104
205,Berte,Gorman,bgorman5o@mlb.com,Female,44.171.240.113
206,Lenka,Dwelly,ldwelly5p@booking.com,Female,138.191.250.237
207,Katy,Silkstone,ksilkstone5q@cnbc.com,Female,113.30.208.188
208,Laura,Bariball,lbariball5r@vistaprint.com,Female,121.62.150.208
209,Hannis,Critten,hcritten5s@webs.com,Female,100.186.86.111
210,Spike,Hebdon,shebdon5t@github.com,Male,1.127.101.51
211,Bren,Effemy,beffemy5u@amazon.co.jp,Female,73.109.254.190
212,Jordan,Grim,jgrim5v@patch.com,Female,136.112.12.148
213,Ingaborg,Gavrielli,igavrielli5w@archive.org,Female,83.112.224.118
214,Ellis,Trattles,etrattles5x@delicious.com,Male,209.149.78.214
215,Janis,Caulton,jcaulton5y@vistaprint.com,Female,220.188.85.153
216,Hans,Trythall,htrythall5z@newyorker.com,Male,120.212.50.204
217,Athene,Cato,acato60@globo.com,Female,107.48.64.112
218,Thia,Curd,tcurd61@uol.com.br,Female,124.243.45.251
219,Ross,Marchelli,rmarchelli62@washingtonpost.com,Male,64.232.117.225
220,Olive,Gartenfeld,ogartenfeld63@alibaba.com,Female,79.163.160.203
221,Gianni,Bateman,gbateman64@sfgate.com,Male,138.64.119.148
222,Uriel,Belone,ubelone65@japanpost.jp,Male,225.118.149.54
223,Shelba,Moukes,smoukes66@facebook.com,Female,116.80.244.64
224,Lauralee,Lalevee,llalevee67@alexa.com,Female,159.21.188.87
225,Judie,Hubeaux,jhubeaux68@xing.com,Female,28.57.92.187
226,Julissa,Hosby,jhosby69@reverbnation.com,Female,3.84.54.208
227,Edith,Squier,esquier6a@unesco.org,Non-binary,231.73.64.54
228,Baird,Scurlock,bscurlock6b@kickstarter.com,Male,101.116.11.157
229,Victoir,Zecchini,vzecchini6c@wsj.com,Male,120.107.79.22
230,Shandy,Yeliashev,syeliashev6d@bandcamp.com,Genderqueer,10.17.148.65
231,Orsola,Hofer,ohofer6e@ted.com,Female,62.166.232.199
232,Rinaldo,Mantrup,rmantrup6f@cnet.com,Male,22.181.194.193
233,Bradley,Cestard,bcestard6g@bing.com,Male,233.199.214.166
234,Alberto,MacDaid,amacdaid6h@cafepress.com,Male,234.230.39.243
235,Tuckie,Derington,tderington6i@google.it,Male,94.41.10.43
236,Paulie,Eggleton,peggleton6j@cafepress.com,Male,106.255.231.28
237,Ravi,Prene,rprene6k@gmpg.org,Male,14.79.29.249
238,Taryn,Filer,tfiler6l@sphinn.com,Female,246.152.188.47
239,Dyanne,Sebyer,dsebyer6m@deviantart.com,Female,120.97.134.126
240,Georgeanne,Lappine,glappine6n@loc.gov,Female,177.55.237.119
241,Bendicty,Grzegorecki,bgrzegorecki6o@npr.org,Male,34.169.141.236
242,Mord,Plum,mplum6p@goo.ne.jp,Male,192.114.70.48
243,Bealle,Betho,bbetho6q@cdc.gov,Male,12.94.189.187
244,Brittne,Lattos,blattos6r@noaa.gov,Female,54.242.37.224
245,Dwayne,Vittori,dvittori6s@comsenz.com,Male,211.40.21.198
246,Damian,Mogey,dmogey6t@noaa.gov,Male,61.219.15.23
247,Tanya,McInility,tmcinility6u@phoca.cz,Female,110.167.193.181
248,Greg,Kristiansen,gkristiansen6v@paginegialle.it,Male,0.240.143.148
249,Adrian,Zanre,azanre6w@thetimes.co.uk,Female,137.36.70.212
250,Richmound,Rosthorn,rrosthorn6x@economist.com,Male,152.126.39.80
251,Lidia,Forsyth,lforsyth6y@foxnews.com,Female,32.72.122.140
252,Shell,Wellbelove,swellbelove6z@twitpic.com,Female,65.195.221.218
253,Tandy,Cleft,tcleft70@comcast.net,Female,73.242.176.171
254,Arielle,Latek,alatek71@eventbrite.com,Polygender,21.243.170.27
255,Florida,Birchwood,fbirchwood72@redcross.org,Female,172.237.40.118
256,Blaire,Bullen,bbullen73@springer.com,Female,150.111.105.12
257,Andrea,Myford,amyford74@mozilla.com,Male,177.37.139.165
258,Kermit,Moiser,kmoiser75@netscape.com,Male,244.157.92.228
259,Powell,Swatton,pswatton76@360.cn,Male,238.223.235.208
260,Helenelizabeth,Bouette,hbouette77@xinhuanet.com,Female,97.213.95.161
261,Gabrila,Peltzer,gpeltzer78@nydailynews.com,Agender,35.138.212.129
262,Bianca,Pickton,bpickton79@cdbaby.com,Female,252.62.85.2
263,Quent,Parcell,qparcell7a@go.com,Male,78.2.2.255
264,Palm,Beves,pbeves7b@ustream.tv,Male,247.115.114.79
265,Eddi,Silman,esilman7c@sbwire.com,Female,234.56.98.71
266,Juliet,Ibeson,jibeson7d@squarespace.com,Non-binary,0.106.93.120
267,Binky,Pettifor,bpettifor7e@chronoengine.com,Male,118.5.177.243
268,Pegeen,Fedorski,pfedorski7f@cloudflare.com,Bigender,206.32.207.185
269,Howard,Veschambes,hveschambes7g@tinyurl.com,Male,221.43.76.138
270,Westley,Yukhnini,wyukhnini7h@microsoft.com,Male,188.159.94.223
271,Vevay,Durman,vdurman7i@cocolog-nifty.com,Genderfluid,94.255.183.245
272,Zorana,Cumberledge,zcumberledge7j@netvibes.com,Genderfluid,72.52.127.53
273,Hallie,Aicheson,haicheson7k@phpbb.com,Female,142.89.109.9
274,Rhody,Oldaker,roldaker7l@si.edu,Female,31.175.119.220
275,Karil,Haysey,khaysey7m@elegantthemes.com,Female,163.82.102.233
276,Dotty,Allday,dallday7n@webeden.co.uk,Female,146.195.25.245
277,Koo,Baseke,kbaseke7o@geocities.com,Female,94.123.169.213
278,Stanleigh,Iacomini,siacomini7p@buzzfeed.com,Male,136.226.173.23
279,Mendy,Vasovic,mvasovic7q@oakley.com,Male,150.82.240.80
280,Porter,Tick,ptick7r@time.com,Male,1.253.85.162
281,Brantley,Giacobazzi,bgiacobazzi7s@omniture.com,Male,207.211.18.194
282,Virgie,Laity,vlaity7t@mozilla.org,Female,91.233.174.111
283,Lester,Woodroof,lwoodroof7u@google.com.br,Male,255.24.79.30
284,Karlyn,Godlonton,kgodlonton7v@wp.com,Female,229.35.79.106
285,Cynthea,Bearcroft,cbearcroft7w@addtoany.com,Female,154.182.18.155
286,Garfield,McKinstry,gmckinstry7x@merriam-webster.com,Male,174.187.99.101
287,Nicolis,Drewitt,ndrewitt7y@wiley.com,Male,189.241.35.173
288,Frasquito,Da Costa,fdacosta7z@cam.ac.uk,Male,191.179.67.37
289,Licha,Waddoups,lwaddoups80@networkadvertising.org,Female,10.197.28.76
290,Mariejeanne,Fruchter,mfruchter81@shutterfly.com,Female,54.158.29.52
291,Mechelle,Akaster,makaster82@sphinn.com,Female,143.88.21.126
292,Emera,Hollier,ehollier83@ca.gov,Female,67.30.75.78
293,Neille,Pennicard,npennicard84@squidoo.com,Female,112.230.198.93
294,Horatius,Albrooke,halbrooke85@berkeley.edu,Male,247.81.145.137
295,Dewain,Dregan,ddregan86@umich.edu,Male,11.252.103.252
296,Grace,Tall,gtall87@yandex.ru,Male,41.184.197.109
297,Evelin,Boffey,eboffey88@engadget.com,Male,184.159.79.130
298,Darcey,Pinchbeck,dpinchbeck89@cnn.com,Female,23.64.145.49
299,Micky,Archibald,marchibald8a@washington.edu,Male,119.105.64.248
300,Neysa,Bridgwater,nbridgwater8b@washington.edu,Female,27.149.13.140
301,Ariella,Sevier,asevier8c@aboutads.info,Female,173.213.21.13
302,Glad,Gooch,ggooch8d@admin.ch,Genderfluid,12.208.84.197
303,Holmes,Salvadori,hsalvadori8e@geocities.jp,Male,170.163.155.159
304,Harvey,Tuny,htuny8f@cbc.ca,Male,8.222.55.6
305,Izabel,Drogan,idrogan8g@tripod.com,Female,24.198.15.19
306,Filberte,Serle,fserle8h@cpanel.net,Male,78.90.183.99
307,Uriel,Cortes,ucortes8i@archive.org,Male,80.40.51.133
308,Bridgette,Muat,bmuat8j@cornell.edu,Female,22.52.235.162
309,Annalise,Luc,aluc8k@newsvine.com,Female,101.177.134.89
310,Damian,Sauter,dsauter8l@twitpic.com,Male,151.201.78.218
311,Whitman,Mardoll,wmardoll8m@exblog.jp,Male,69.68.212.49
312,Morgen,Morcom,mmorcom8n@apple.com,Male,247.143.29.65
313,Shepperd,Ezele,sezele8o@theatlantic.com,Male,134.151.37.147
314,Webster,Kullmann,wkullmann8p@bloglines.com,Polygender,175.131.82.200
315,Sean,Jarret,sjarret8q@yellowpages.com,Male,48.41.9.135
316,Rocky,Glencrash,rglencrash8r@wix.com,Male,245.87.192.54
317,Stella,Ghest,sghest8s@sciencedaily.com,Female,129.5.81.173
318,Caro,Common,ccommon8t@indiegogo.com,Female,223.140.85.149
319,Rurik,Lewnden,rlewnden8u@netvibes.com,Male,230.236.143.71
320,Dino,Lotwich,dlotwich8v@tmall.com,Male,73.124.157.127
321,Kristofer,Odam,kodam8w@go.com,Male,143.68.141.160
322,Whitney,Paydon,wpaydon8x@shop-pro.jp,Male,29.7.214.148
323,Arabella,Scard,ascard8y@yahoo.co.jp,Non-binary,155.245.223.18
324,Andie,Brake,abrake8z@indiegogo.com,Female,236.54.225.240
325,Nonna,Goodsell,ngoodsell90@unesco.org,Female,239.92.82.68
326,Kalil,Charkham,kcharkham91@freewebs.com,Male,22.209.134.138
327,Gardiner,Gammet,ggammet92@meetup.com,Male,139.111.208.191
328,Hermann,Onraet,honraet93@admin.ch,Male,71.68.186.197
329,Alejandro,MacAskie,amacaskie94@latimes.com,Male,204.4.108.6
330,Leontine,Hunnaball,lhunnaball95@printfriendly.com,Female,77.98.125.61
331,Wileen,Barneveld,wbarneveld96@wordpress.com,Female,236.60.203.31
332,Geno,Bowra,gbowra97@xrea.com,Male,241.174.63.84
333,Farand,Andreucci,fandreucci98@4shared.com,Female,184.147.210.140
334,Nico,Philipeaux,nphilipeaux99@edublogs.org,Bigender,52.50.64.148
335,Marthe,Kadd,mkadd9a@mac.com,Female,104.16.178.175
336,Prudy,Barca,pbarca9b@techcrunch.com,Female,27.245.180.72
337,Codi,Moncreiff,cmoncreiff9c@ca.gov,Female,184.146.236.162
338,Stacy,Longcaster,slongcaster9d@histats.com,Male,213.5.36.93
339,Davey,Dauber,ddauber9e@mysql.com,Male,134.243.182.190
340,Ertha,Hollerin,ehollerin9f@wsj.com,Female,235.176.181.99
341,Nadia,Coatman,ncoatman9g@yahoo.com,Female,144.144.249.232
342,Evyn,Bastable,ebastable9h@opensource.org,Agender,250.247.32.250
343,Rochester,Muncer,rmuncer9i@ucoz.ru,Male,127.123.146.47
344,Joey,Di Biagio,jdibiagio9j@printfriendly.com,Female,84.79.138.64
345,Lucy,Dennerley,ldennerley9k@fotki.com,Female,62.37.152.244
346,Fairleigh,Gooley,fgooley9l@last.fm,Male,28.253.121.175
347,Tony,Moorhead,tmoorhead9m@japanpost.jp,Male,67.185.0.231
348,Harv,Pocknoll,hpocknoll9n@java.com,Male,26.131.172.246
349,Quint,Duplan,qduplan9o@lulu.com,Male,103.21.108.24
350,Ring,Ironside,rironside9p@scribd.com,Non-binary,197.24.66.139
351,Aldon,MacKellar,amackellar9q@blogger.com,Male,23.32.102.151
352,Yettie,Cutchie,ycutchie9r@sciencedirect.com,Female,112.48.86.212
353,Thorndike,MacKaig,tmackaig9s@toplist.cz,Male,57.222.115.226
354,Maddalena,Ewen,mewen9t@jiathis.com,Female,49.151.135.78
355,Chev,Merredy,cmerredy9u@state.gov,Male,222.14.222.11
356,Sawyere,Chasle,schasle9v@homestead.com,Male,60.216.248.169
357,Ange,Ben,aben9w@cisco.com,Non-binary,91.203.20.21
358,Raleigh,Grimwad,rgrimwad9x@apache.org,Agender,53.56.218.38
359,Iorgo,Haresnape,iharesnape9y@sourceforge.net,Male,239.168.115.62
360,Karil,Kimber,kkimber9z@dropbox.com,Female,4.110.185.210
361,Keefer,Hatto,khattoa0@amazon.com,Male,0.3.169.202
362,Arabel,Seakin,aseakina1@lycos.com,Female,242.10.77.148
363,Norton,Leuty,nleutya2@vkontakte.ru,Agender,12.246.47.225
364,Marilyn,Matteo,mmatteoa3@goo.ne.jp,Female,134.121.16.170
365,Glyn,Sedgebeer,gsedgebeera4@va.gov,Male,186.89.20.205
366,Etty,Marval,emarvala5@independent.co.uk,Female,241.198.2.220
367,Karlotta,Bewshea,kbewsheaa6@posterous.com,Female,192.180.242.85
368,Urban,Aisbett,uaisbetta7@multiply.com,Male,234.102.5.253
369,Holli,Frost,hfrosta8@vkontakte.ru,Genderfluid,169.116.212.160
370,Gothart,Deehan,gdeehana9@list-manage.com,Male,136.37.31.156
371,Arvy,Farrall,afarrallaa@nhs.uk,Male,5.244.37.196
372,Lida,Armitt,larmittab@tumblr.com,Female,254.41.63.27
373,Robert,Sanja,rsanjaac@washington.edu,Male,201.50.220.89
374,Denney,Grew,dgrewad@indiegogo.com,Genderqueer,200.21.180.201
375,Gustav,Eccleston,gecclestonae@nsw.gov.au,Male,248.42.99.148
376,Charlotte,Beslier,cbeslieraf@mediafire.com,Female,11.148.32.59
377,Kimmi,Pirson,kpirsonag@ebay.com,Female,230.159.173.129
378,Burch,Watkinson,bwatkinsonah@ow.ly,Male,158.0.57.140
379,Townsend,Matiebe,tmatiebeai@jigsy.com,Male,35.255.132.54
380,Martyn,Szwarc,mszwarcaj@google.com.br,Male,12.15.148.187
381,Kessiah,Cerith,kcerithak@tumblr.com,Female,180.90.148.54
382,Cullan,Krzysztofiak,ckrzysztofiakal@irs.gov,Male,115.157.255.55
383,Jacquie,Kirtland,jkirtlandam@yelp.com,Female,164.242.253.235
384,Lucky,Klimowicz,lklimowiczan@mapy.cz,Female,169.204.205.134
385,Billi,Dankov,bdankovao@upenn.edu,Female,29.48.175.211
386,Hamish,Norcliffe,hnorcliffeap@latimes.com,Polygender,237.225.59.82
387,Filippa,Heck,fheckaq@pen.io,Female,35.61.116.125
388,Davine,Golder,dgolderar@msu.edu,Female,206.137.155.40
389,Winslow,Kirkwood,wkirkwoodas@csmonitor.com,Male,161.118.93.10
390,Alessandra,Mallord,amallordat@fc2.com,Female,51.249.30.183
391,Stormy,McJury,smcjuryau@mlb.com,Female,176.112.130.53
392,Donal,Meddings,dmeddingsav@army.mil,Male,244.255.110.29
393,Appolonia,Kunes,akunesaw@e-recht24.de,Female,211.154.228.2
394,Sarge,Tommasi,stommasiax@ucoz.ru,Male,173.207.227.33
395,Irving,O' Concannon,ioconcannonay@cafepress.com,Male,247.82.211.38
396,Brenden,Avramovitz,bavramovitzaz@cnbc.com,Male,104.132.63.67
397,Son,O' Borne,soborneb0@oakley.com,Male,138.225.141.112
398,Sharia,Germann,sgermannb1@ed.gov,Female,82.180.229.5
399,Shelbi,Moyer,smoyerb2@live.com,Female,126.7.116.113
400,Chaim,Handaside,chandasideb3@rakuten.co.jp,Male,82.206.188.31
401,Kippy,Bromont,kbromontb4@issuu.com,Female,135.149.104.113
402,Karl,Croux,kcrouxb5@admin.ch,Male,96.100.201.56
403,Loren,Gaskoin,lgaskoinb6@tinyurl.com,Male,252.74.60.146
404,Joline,Kermeen,jkermeenb7@epa.gov,Polygender,177.162.34.152
405,Ignace,Thrift,ithriftb8@house.gov,Male,59.63.166.237
406,Say,Brockwell,sbrockwellb9@technorati.com,Male,154.157.235.96
407,Fidole,Cowser,fcowserba@biglobe.ne.jp,Male,25.55.23.133
408,Erinn,Liversley,eliversleybb@liveinternet.ru,Female,69.66.3.222
409,Oralie,Pelham,opelhambc@marriott.com,Female,123.11.212.3
410,Sacha,Dugald,sdugaldbd@wisc.edu,Female,244.135.39.141
411,Bondie,Feedham,bfeedhambe@nps.gov,Male,77.36.36.33
412,Nonna,Padbery,npadberybf@chron.com,Agender,253.231.123.87
413,Marleen,Habard,mhabardbg@twitpic.com,Female,102.206.194.13
414,Leila,Cawker,lcawkerbh@nsw.gov.au,Agender,78.82.64.238
415,Joline,Bollans,jbollansbi@statcounter.com,Female,131.142.141.188
416,Alleyn,Woodage,awoodagebj@europa.eu,Male,46.175.209.7
417,Cecilius,Mulqueeny,cmulqueenybk@omniture.com,Male,129.105.66.30
418,Shepard,Genny,sgennybl@reference.com,Male,182.163.135.25
419,Harwilll,Iacovini,hiacovinibm@mapy.cz,Genderfluid,123.64.165.25
420,Fredericka,Martinho,fmartinhobn@wordpress.org,Female,147.137.56.10
421,Carleton,Schulze,cschulzebo@senate.gov,Male,15.114.66.170
422,Jo-anne,Bedinham,jbedinhambp@sitemeter.com,Female,231.98.28.224
423,Celine,Bessom,cbessombq@1und1.de,Female,89.251.25.192
424,Val,Timbrell,vtimbrellbr@adobe.com,Female,191.33.65.112
425,Esteban,Huikerby,ehuikerbybs@mashable.com,Male,218.138.222.69
426,Jae,Trotton,jtrottonbt@amazonaws.com,Male,119.76.213.220
427,Stacie,O'Dennehy,sodennehybu@mozilla.org,Female,174.139.17.182
428,Yurik,Bromehed,ybromehedbv@google.com.br,Male,101.235.59.255
429,Haleigh,Ive,hivebw@blogtalkradio.com,Male,138.124.245.173
430,Lorianna,Riccardini,lriccardinibx@narod.ru,Female,208.59.58.175
431,Ermina,McGifford,emcgiffordby@bluehost.com,Female,187.121.36.82
432,Diann,Divell,ddivellbz@joomla.org,Female,45.170.7.237
433,Feodor,Rushton,frushtonc0@usatoday.com,Male,199.106.100.136
434,Trenna,Caudle,tcaudlec1@cyberchimps.com,Female,31.155.16.191
435,Kalli,Drains,kdrainsc2@sciencedirect.com,Female,207.53.7.171
436,Augie,Try,atryc3@engadget.com,Male,93.93.101.121
437,Frank,Klaessen,fklaessenc4@utexas.edu,Female,41.178.21.188
438,Meghann,Brymham,mbrymhamc5@wikia.com,Bigender,151.32.196.188
439,Gena,Rowledge,growledgec6@freewebs.com,Female,192.160.179.25
440,Rob,Palethorpe,rpalethorpec7@weibo.com,Male,128.126.195.131
441,Celie,Trenbay,ctrenbayc8@unc.edu,Female,16.254.216.217
442,Chrissy,Cocher,ccocherc9@si.edu,Female,61.121.6.13
443,Amberly,Youings,ayouingsca@nasa.gov,Female,195.206.50.170
444,Brittney,Matveiko,bmatveikocb@jiathis.com,Female,31.122.177.185
445,Jilli,Jenny,jjennycc@state.tx.us,Female,206.159.125.54
446,Ahmad,Bengoechea,abengoecheacd@google.com.au,Male,239.188.59.128
447,Towny,Van Baaren,tvanbaarence@arizona.edu,Male,127.103.183.75
448,Esra,Higgen,ehiggencf@globo.com,Male,110.223.173.219
449,Clevie,McAne,cmcanecg@bbb.org,Genderqueer,54.226.124.236
450,Vicki,Charlson,vcharlsonch@cbslocal.com,Female,3.85.78.35
451,Averyl,Tash,atashci@sun.com,Female,76.83.225.27
452,Cull,Neeson,cneesoncj@netscape.com,Male,65.27.43.222
453,Jarrid,Lilie,jlilieck@goo.gl,Male,169.155.21.253
454,Larisa,Gwatkin,lgwatkincl@reuters.com,Female,105.221.232.251
455,Filberte,Geillier,fgeilliercm@bigcartel.com,Male,147.22.210.100
456,Buffy,Sarvar,bsarvarcn@spotify.com,Female,175.14.227.80
457,Veradis,Quinlan,vquinlanco@squarespace.com,Female,12.92.14.190
458,Ilsa,Kubicek,ikubicekcp@gnu.org,Female,1.112.100.16
459,Rocky,Skeldinge,rskeldingecq@arstechnica.com,Male,79.96.72.110
460,Verene,Roswarne,vroswarnecr@skype.com,Female,201.117.172.210
461,Maurizia,Swadon,mswadoncs@biblegateway.com,Bigender,55.30.121.185
462,Lev,Havvock,lhavvockct@about.com,Male,216.2.158.231
463,Leese,Keyho,lkeyhocu@barnesandnoble.com,Female,73.99.95.117
464,Kimmie,Haddrill,khaddrillcv@eepurl.com,Female,112.183.153.184
465,Belvia,Battlestone,bbattlestonecw@npr.org,Female,140.111.56.95
466,Denny,Roberds,droberdscx@ed.gov,Male,195.124.228.193
467,Kahaleel,Boerder,kboerdercy@is.gd,Male,243.145.240.150
468,Bertha,Bwy,bbwycz@squidoo.com,Female,199.11.244.206
469,Tomkin,Espinha,tespinhad0@dailymail.co.uk,Male,87.92.47.172
470,Casi,Pund,cpundd1@altervista.org,Female,234.26.26.194
471,Kimble,Grisbrook,kgrisbrookd2@blogtalkradio.com,Male,17.200.150.204
472,Edin,Klement,eklementd3@nps.gov,Female,32.2.12.30
473,Corliss,Giroldo,cgiroldod4@ucsd.edu,Female,14.89.175.165
474,Jordan,Merill,jmerilld5@purevolume.com,Genderqueer,150.107.197.4
475,Penni,Durak,pdurakd6@opensource.org,Female,35.180.172.234
476,Kirby,Croke,kcroked7@linkedin.com,Male,185.89.113.28
477,Colette,Ennor,cennord8@webs.com,Genderfluid,202.145.94.52
478,Randall,Dahlback,rdahlbackd9@cloudflare.com,Male,84.149.11.50
479,Eduino,Top,etopda@pcworld.com,Male,220.62.35.17
480,Asia,Bell,abelldb@pagesperso-orange.fr,Genderfluid,148.213.51.232
481,Pinchas,Wyborn,pwyborndc@google.de,Male,179.169.235.122
482,Gunter,McKeaveney,gmckeaveneydd@ezinearticles.com,Male,90.227.155.245
483,Ursala,Blewett,ublewettde@weather.com,Female,140.211.82.49
484,Masha,Domsalla,mdomsalladf@sfgate.com,Female,5.186.76.65
485,Ottilie,Bill,obilldg@artisteer.com,Female,134.4.215.240
486,Quillan,Sarfatti,qsarfattidh@who.int,Genderfluid,179.79.32.13
487,Frasier,MacArthur,fmacarthurdi@alibaba.com,Male,222.68.34.46
488,Glenda,Harbisher,gharbisherdj@indiegogo.com,Female,18.36.172.180
489,Roderic,Pressnell,rpressnelldk@hibu.com,Male,26.12.104.219
490,Clemmie,Corse,ccorsedl@soundcloud.com,Genderfluid,106.227.133.172
491,Everard,Nutten,enuttendm@xinhuanet.com,Male,230.159.21.78
492,Florette,Raccio,fracciodn@japanpost.jp,Female,123.95.228.29
493,Harriott,Asgodby,hasgodbydo@tuttocitta.it,Female,134.77.254.71
494,Sylvia,Wehnerr,swehnerrdp@fc2.com,Female,87.103.63.187
495,Starlin,Divisek,sdivisekdq@bbc.co.uk,Agender,142.47.95.193
496,Claire,Obee,cobeedr@merriam-webster.com,Male,46.14.38.206
497,Waverly,Penhall,wpenhallds@blogtalkradio.com,Male,168.233.85.47
498,Samantha,Clarridge,sclarridgedt@indiegogo.com,Female,48.80.230.24
499,Guthrey,Dalgarnocht,gdalgarnochtdu@fc2.com,Male,63.222.187.184
500,Forester,Cliss,fclissdv@dailymail.co.uk,Male,57.96.133.128
501,Wat,Vreede,wvreededw@quantcast.com,Male,173.169.37.233
502,Bertina,Benion,bbeniondx@t-online.de,Female,100.164.235.48
503,Kermy,Letts,klettsdy@weather.com,Male,171.196.178.167
504,Sylvan,Blowen,sblowendz@narod.ru,Bigender,27.162.2.169
505,Ulrika,Blakeston,ublakestone0@buzzfeed.com,Female,158.187.225.62
506,Hewett,Mcmanaman,hmcmanamane1@princeton.edu,Male,136.91.179.92
507,Giacobo,McLaverty,gmclavertye2@ed.gov,Male,42.155.188.136
508,Berton,Lewis,blewise3@walmart.com,Male,33.130.121.201
509,Lilas,Orthmann,lorthmanne4@umich.edu,Female,223.63.168.8
510,Hobart,Baverstock,hbaverstocke5@go.com,Male,71.181.120.102
511,Pauletta,Peris,pperise6@liveinternet.ru,Female,99.213.250.71
512,Jess,Rivalant,jrivalante7@1688.com,Female,183.94.12.58
513,Tristam,Malecky,tmaleckye8@miitbeian.gov.cn,Male,87.181.142.193
514,Christan,Gagie,cgagiee9@pcworld.com,Female,27.238.161.105
515,Symon,O'Reilly,soreillyea@army.mil,Male,168.31.34.113
516,Kim,Struan,kstruaneb@mapy.cz,Female,158.80.234.221
517,Alexio,Gimblett,agimblettec@about.me,Male,68.103.225.212
518,Hirsch,Skakunas,hskakunased@cdbaby.com,Male,145.216.188.197
519,Marianna,Giovani,mgiovaniee@dagondesign.com,Female,139.50.52.210
520,Erick,Honig,ehonigef@google.com.br,Male,95.200.173.249
521,Garrott,Ablewhite,gablewhiteeg@mlb.com,Male,86.140.116.44
522,Valaree,Sessuns,vsessunseh@economist.com,Female,116.255.99.223
523,Filippo,Bruce,fbruceei@dyndns.org,Male,172.255.212.165
524,Aubrey,Clawe,aclaweej@printfriendly.com,Male,95.252.80.118
525,Clark,Anthill,canthillek@state.tx.us,Male,130.223.178.174
526,Lise,Sandy,lsandyel@ifeng.com,Female,132.12.128.166
527,Vitia,Gerraty,vgerratyem@histats.com,Female,115.18.126.77
528,Delinda,Bottrill,dbottrillen@creativecommons.org,Female,215.49.218.64
529,Polly,Verny,pvernyeo@pbs.org,Female,253.127.101.103
530,Clevie,Mapledoram,cmapledoramep@scientificamerican.com,Male,173.89.183.58
531,Niccolo,Kienl,nkienleq@discuz.net,Male,68.213.187.29
532,Kerwin,Assante,kassanteer@nationalgeographic.com,Polygender,110.117.10.200
533,Yorgo,Holyland,yholylandes@last.fm,Male,167.103.250.126
534,Tomaso,Giggs,tgiggset@reddit.com,Male,104.222.60.58
535,Devan,Hrinishin,dhrinishineu@discuz.net,Female,52.150.98.191
536,Loralie,Rosenschein,lrosenscheinev@discuz.net,Female,79.23.200.173
537,Anitra,Pesselt,apesseltew@paypal.com,Female,204.246.23.178
538,Karlens,McColm,kmccolmex@cnn.com,Male,102.195.169.168
539,Maurise,Jotham,mjothamey@sfgate.com,Male,41.38.165.194
540,Torrie,Sharpling,tsharplingez@booking.com,Female,253.73.26.119
541,Glynn,Kail,gkailf0@friendfeed.com,Male,248.86.86.214
542,Xever,Patmore,xpatmoref1@geocities.jp,Male,25.132.96.168
543,Major,Redan,mredanf2@eventbrite.com,Male,178.188.215.37
544,Naoma,Yarwood,nyarwoodf3@mozilla.org,Female,39.22.164.121
545,Rosalinda,Brothers,rbrothersf4@dmoz.org,Female,223.117.102.209
546,Ruby,Senescall,rsenescallf5@auda.org.au,Male,111.149.178.202
547,Vanny,Tremblay,vtremblayf6@sun.com,Polygender,173.178.62.211
548,Maximilianus,Regus,mregusf7@mit.edu,Male,44.189.89.187
549,Zea,Sunter,zsunterf8@technorati.com,Female,105.183.103.97
550,Shanon,Goodinson,sgoodinsonf9@omniture.com,Female,120.221.142.78
551,Amalle,Pflieger,apfliegerfa@moonfruit.com,Non-binary,87.217.243.26
552,Inesita,Barnwall,ibarnwallfb@webnode.com,Female,210.207.14.205
553,Moshe,Baldree,mbaldreefc@mediafire.com,Male,157.133.99.71
554,Chantal,MacVean,cmacveanfd@fastcompany.com,Female,234.129.67.115
555,Dona,Meaton,dmeatonfe@google.com.au,Female,209.212.103.72
556,Elijah,Loftus,eloftusff@godaddy.com,Male,43.159.195.204
557,Terry,Vittle,tvittlefg@yelp.com,Female,192.102.113.162
558,Regen,Murfin,rmurfinfh@mashable.com,Male,192.207.134.103
559,Phylys,Greson,pgresonfi@woothemes.com,Female,68.103.97.208
560,Lian,Vedstra,lvedstrafj@utexas.edu,Female,229.32.37.8
561,Ailis,Greenset,agreensetfk@msn.com,Female,203.209.202.45
562,Benji,Curryer,bcurryerfl@imageshack.us,Male,92.221.182.182
563,Griffy,Wilkerson,gwilkersonfm@walmart.com,Male,203.120.104.24
564,Kissee,Musprat,kmuspratfn@pcworld.com,Female,63.31.32.206
565,Beauregard,Lening,bleningfo@reverbnation.com,Male,175.92.233.211
566,Albie,Kiellor,akiellorfp@tripod.com,Agender,4.134.250.27
567,Elset,Peery,epeeryfq@usda.gov,Female,15.203.101.125
568,Erv,Abramin,eabraminfr@nba.com,Male,223.104.109.188
569,Tedman,Slaight,tslaightfs@prnewswire.com,Male,205.112.190.108
570,Manya,Orrett,morrettft@i2i.jp,Genderfluid,112.249.151.214
571,Shepperd,Gwilt,sgwiltfu@google.com.au,Male,118.152.12.202
572,Megen,Lyard,mlyardfv@cafepress.com,Female,211.201.191.228
573,Tresa,Zuann,tzuannfw@live.com,Female,178.153.174.114
574,Nev,Dell Casa,ndellcasafx@indiegogo.com,Polygender,97.43.9.224
575,Woodman,Dryburgh,wdryburghfy@purevolume.com,Male,44.236.27.44
576,Lorilyn,Cremin,lcreminfz@cdbaby.com,Female,46.218.245.204
577,Brittani,Nalder,bnalderg0@admin.ch,Non-binary,87.60.248.143
578,Cara,Walicki,cwalickig1@weebly.com,Female,121.25.117.133
579,Pepillo,Fallens,pfallensg2@free.fr,Male,169.92.78.113
580,Joelle,Hariot,jhariotg3@tinyurl.com,Female,150.155.222.199
581,Ignace,Weiss,iweissg4@discuz.net,Male,117.180.182.3
582,Edie,Millar,emillarg5@google.ru,Agender,205.186.255.225
583,Anallese,Riggoll,ariggollg6@independent.co.uk,Female,222.159.58.72
584,Leshia,Grainger,lgraingerg7@people.com.cn,Female,46.83.107.171
585,Correy,Teasdale-Markie,cteasdalemarkieg8@washington.edu,Male,97.89.230.110
586,Reyna,Inglish,ringlishg9@dailymotion.com,Female,91.154.3.226
587,Kellia,Bebis,kbebisga@vinaora.com,Female,118.63.87.250
588,Anni,Pusill,apusillgb@addtoany.com,Female,179.34.83.147
589,Tessy,Elsmore,telsmoregc@nature.com,Female,97.29.20.108
590,Jaquenetta,Teffrey,jteffreygd@bing.com,Female,143.193.146.82
591,Timothy,McCaughey,tmccaugheyge@dion.ne.jp,Male,161.32.228.219
592,Roze,Jiruch,rjiruchgf@blog.com,Female,248.39.234.249
593,Nicolle,Lintot,nlintotgg@japanpost.jp,Female,34.159.150.84
594,Madonna,Kubyszek,mkubyszekgh@deviantart.com,Female,251.114.52.180
595,Oberon,Sidon,osidongi@deliciousdays.com,Male,177.151.99.151
596,Dolf,Jouannisson,djouannissongj@reuters.com,Male,214.201.156.83
597,Mal,Saer,msaergk@nature.com,Agender,251.41.175.178
598,Nathan,Streatley,nstreatleygl@japanpost.jp,Male,226.160.32.62
599,Fernanda,Markussen,fmarkussengm@cocolog-nifty.com,Female,66.203.220.182
600,Ari,Terran,aterrangn@dropbox.com,Male,159.42.35.44
601,Aviva,Winsor,awinsorgo@home.pl,Non-binary,49.222.88.170
602,Muire,Mangeney,mmangeneygp@mtv.com,Female,164.29.233.107
603,Cecil,Wrigglesworth,cwrigglesworthgq@yahoo.co.jp,Male,8.134.114.230
604,Aylmer,Cracker,acrackergr@dyndns.org,Genderqueer,210.152.201.195
605,Taylor,Scarasbrick,tscarasbrickgs@wikia.com,Male,163.164.39.41
606,Maren,Grain,mgraingt@chicagotribune.com,Non-binary,147.167.58.241
607,Faustine,Rowlstone,frowlstonegu@imgur.com,Female,46.131.20.153
608,Camellia,Tongs,ctongsgv@economist.com,Female,188.48.51.220
609,Myriam,Regi,mregigw@prweb.com,Female,58.113.172.151
610,Benita,Desaur,bdesaurgx@bluehost.com,Genderqueer,249.204.72.59
611,Zackariah,Slavin,zslavingy@acquirethisname.com,Male,183.199.51.247
612,Wilek,Postles,wpostlesgz@lulu.com,Male,13.28.125.245
613,Martie,O'Lennachain,molennachainh0@wordpress.org,Female,254.55.128.206
614,Junia,Scarlon,jscarlonh1@time.com,Female,158.171.226.207
615,Dorothy,Reven,drevenh2@t.co,Female,100.6.196.90
616,Benedikta,Ruppeli,bruppelih3@utexas.edu,Female,101.130.129.67
617,Cori,Prugel,cprugelh4@rambler.ru,Male,55.37.198.122
618,Fremont,Eddowis,feddowish5@squarespace.com,Male,172.117.44.109
619,Vergil,Bunn,vbunnh6@usatoday.com,Bigender,166.229.227.61
620,Nertie,Domniney,ndomnineyh7@hubpages.com,Female,101.178.203.74
621,Therese,Points,tpointsh8@state.gov,Female,132.132.180.192
622,Mill,Wherton,mwhertonh9@spiegel.de,Genderfluid,28.135.220.18
623,Percival,Swancock,pswancockha@dmoz.org,Male,81.2.31.189
624,Pavel,Kybert,pkyberthb@yellowbook.com,Male,254.11.7.62
625,Neila,Pilgrim,npilgrimhc@zdnet.com,Female,131.159.82.5
626,Jessee,Doe,jdoehd@sfgate.com,Male,152.56.98.79
627,Quent,Deamer,qdeamerhe@wikia.com,Male,214.203.194.196
628,Roselin,Giamelli,rgiamellihf@webnode.com,Female,131.228.241.109
629,Izzy,Greenroa,igreenroahg@mit.edu,Male,124.88.123.163
630,Odelle,Fagg,ofagghh@state.gov,Genderfluid,20.121.172.240
631,Verene,Tanser,vtanserhi@ed.gov,Female,131.70.93.119
632,Annetta,Boyat,aboyathj@wix.com,Female,157.192.195.123
633,Benoite,Paddle,bpaddlehk@g.co,Female,99.106.49.30
634,Elsie,Gullan,egullanhl@skype.com,Female,6.27.218.41
635,Alta,Lefeuvre,alefeuvrehm@trellian.com,Female,5.146.185.102
636,Emmy,Faussett,efaussetthn@gravatar.com,Bigender,179.37.18.75
637,Aylmar,Klimmek,aklimmekho@bandcamp.com,Polygender,4.104.246.102
638,Ingrid,Fautly,ifautlyhp@youtube.com,Polygender,200.227.24.95
639,Lucais,Dongate,ldongatehq@umich.edu,Male,166.164.183.160
640,Angeline,Baggaley,abaggaleyhr@wunderground.com,Female,222.55.14.226
641,Coletta,Oxford,coxfordhs@surveymonkey.com,Polygender,198.123.104.179
642,Eli,Gerdes,egerdesht@gov.uk,Male,244.65.177.251
643,Erik,Munning,emunninghu@nba.com,Non-binary,168.99.247.167
644,Shaw,Ferreiro,sferreirohv@nasa.gov,Male,107.142.66.248
645,Esteban,Maudling,emaudlinghw@photobucket.com,Male,72.60.9.67
646,Cacilia,Creamen,ccreamenhx@bloomberg.com,Female,241.211.57.50
647,Maurine,Rooson,mroosonhy@jugem.jp,Non-binary,228.15.29.105
648,Cal,Maslin,cmaslinhz@bbc.co.uk,Male,132.176.172.23
649,Stu,Mulvin,smulvini0@usgs.gov,Male,62.56.2.82
650,Marabel,Le febre,mlefebrei1@nsw.gov.au,Female,153.17.252.195
651,Waylon,Lashford,wlashfordi2@techcrunch.com,Male,180.234.6.221
652,Harriette,Sparrowe,hsparrowei3@goo.ne.jp,Female,125.28.57.223
653,Irma,Whettleton,iwhettletoni4@seesaa.net,Female,171.245.164.205
654,Myles,Campanelle,mcampanellei5@va.gov,Male,220.245.101.35
655,Nadia,Dominique,ndominiquei6@feedburner.com,Female,56.156.180.219
656,Shaylynn,Hassell,shasselli7@rambler.ru,Female,194.44.49.190
657,Karee,Bredgeland,kbredgelandi8@wikia.com,Female,184.187.180.243
658,Jilli,Greeding,jgreedingi9@addthis.com,Non-binary,118.31.201.226
659,Peyton,Fettes,pfettesia@w3.org,Male,242.0.113.38
660,Minnnie,Seal,msealib@de.vu,Female,125.236.100.216
661,Hartley,Cogzell,hcogzellic@pcworld.com,Male,183.48.255.211
662,Stephenie,Lobell,slobellid@mit.edu,Female,75.160.233.7
663,Margarette,Rate,mrateie@artisteer.com,Female,142.17.17.78
664,Allison,Korneichuk,akorneichukif@chronoengine.com,Female,43.209.39.157
665,Kelley,Cawdron,kcawdronig@eventbrite.com,Male,61.156.45.1
666,Sargent,Trebbett,strebbettih@prlog.org,Male,167.198.212.165
667,Robby,Stangroom,rstangroomii@arstechnica.com,Female,55.127.113.78
668,Gustave,Capel,gcapelij@xinhuanet.com,Male,81.189.60.214
669,Clifford,Kinnar,ckinnarik@livejournal.com,Male,64.49.2.141
670,Mersey,Gatecliff,mgatecliffil@paginegialle.it,Female,1.93.250.237
671,Gilemette,Sparhawk,gsparhawkim@ox.ac.uk,Female,40.23.58.208
672,Cosimo,Yegorovnin,cyegorovninin@tripadvisor.com,Male,48.153.176.175
673,Joelie,McInnes,jmcinnesio@edublogs.org,Female,244.51.114.226
674,Ania,Krysztofowicz,akrysztofowiczip@ebay.com,Female,17.71.44.32
675,Cordi,Pfeffle,cpfeffleiq@google.cn,Female,108.240.168.212
676,Gerda,Bendixen,gbendixenir@mapquest.com,Female,148.134.7.124
677,Hermione,Prescot,hprescotis@histats.com,Bigender,164.16.85.202
678,Corrie,Bediss,cbedissit@washingtonpost.com,Male,131.138.118.204
679,Nealon,Macieiczyk,nmacieiczykiu@springer.com,Male,59.38.169.241
680,Glendon,Tuley,gtuleyiv@booking.com,Male,53.66.65.31
681,Dolf,Hagyard,dhagyardiw@nature.com,Male,158.152.139.98
682,Thornie,Harmant,tharmantix@jimdo.com,Male,234.128.163.192
683,Aubrie,Dutt,aduttiy@google.com.br,Female,143.144.142.1
684,Booth,Flello,bflelloiz@narod.ru,Genderfluid,118.182.91.226
685,Nessa,MacAndrew,nmacandrewj0@microsoft.com,Female,149.255.130.79
686,Clarita,Bemlott,cbemlottj1@accuweather.com,Female,130.204.33.29
687,Vance,Eastes,veastesj2@yelp.com,Polygender,219.99.44.249
688,Ann-marie,Van der Velde,avanderveldej3@marriott.com,Polygender,192.171.20.31
689,Rosaleen,Whyffen,rwhyffenj4@unesco.org,Female,35.179.154.150
690,Boone,De Ruel,bderuelj5@phpbb.com,Male,107.109.190.98
691,Gretel,Bawme,gbawmej6@seesaa.net,Female,190.101.5.133
692,Hillie,Vannoort,hvannoortj7@tumblr.com,Male,59.82.15.241
693,Verine,Tizard,vtizardj8@macromedia.com,Female,129.99.149.253
694,Franzen,Aisman,faismanj9@zimbio.com,Male,65.244.0.227
695,Cordy,Venard,cvenardja@friendfeed.com,Male,187.163.254.180
696,Elyse,Barefoot,ebarefootjb@skyrock.com,Female,71.117.129.53
697,Fey,MacAskill,fmacaskilljc@timesonline.co.uk,Female,142.51.182.173
698,Perry,Diggar,pdiggarjd@google.de,Female,181.82.56.106
699,Thorstein,Eichmann,teichmannje@apache.org,Male,104.120.193.239
700,Brockie,Halson,bhalsonjf@apache.org,Male,137.245.21.31
701,Lev,Dovinson,ldovinsonjg@google.com,Male,34.159.243.74
702,Hersh,Hateley,hhateleyjh@eventbrite.com,Non-binary,36.186.22.110
703,Martainn,Maymand,mmaymandji@biglobe.ne.jp,Non-binary,90.41.91.50
704,Bailie,Thaller,bthallerjj@pagesperso-orange.fr,Male,120.82.215.92
705,Farly,Jansa,fjansajk@google.it,Male,179.29.121.79
706,Jeffry,Lithcow,jlithcowjl@imageshack.us,Male,156.103.32.14
707,Kristian,Bolger,kbolgerjm@cisco.com,Male,26.128.209.250
708,Sonny,Fyfield,sfyfieldjn@rambler.ru,Female,123.108.107.254
709,Aldous,Ivey,aiveyjo@163.com,Male,126.110.241.69
710,Myles,Capenor,mcapenorjp@domainmarket.com,Male,27.177.246.153
711,Bathsheba,Axelby,baxelbyjq@rambler.ru,Female,23.178.143.197
712,Bernie,Folca,bfolcajr@patch.com,Male,35.8.234.137
713,Gabriele,Burd,gburdjs@army.mil,Male,203.22.39.232
714,Artus,Freckelton,afreckeltonjt@ehow.com,Male,68.233.91.147
715,Zarah,Rilings,zrilingsju@linkedin.com,Female,171.108.78.145
716,Guenna,Hartopp,ghartoppjv@vinaora.com,Female,57.62.235.238
717,Lamond,Garland,lgarlandjw@prlog.org,Male,20.201.89.67
718,Warner,Escala,wescalajx@a8.net,Male,146.22.223.129
719,Gan,Royal,groyaljy@ehow.com,Male,216.236.11.143
720,Reider,Bosch,rboschjz@pcworld.com,Male,252.227.13.189
721,Tillie,Lunbech,tlunbechk0@unc.edu,Female,101.119.64.223
722,Jacquenette,Ference,jferencek1@clickbank.net,Female,143.235.115.130
723,Barbabra,Tiddeman,btiddemank2@com.com,Female,235.78.40.240
724,Florance,Reedman,freedmank3@reference.com,Female,176.17.123.151
725,Rodrigo,Duffin,rduffink4@clickbank.net,Male,106.130.248.220
726,Rois,Skyram,rskyramk5@cmu.edu,Female,95.20.3.73
727,Marlow,Paley,mpaleyk6@statcounter.com,Male,150.251.159.52
728,Tamarra,Colleton,tcolletonk7@wsj.com,Female,140.195.84.202
729,Marcia,Wick,mwickk8@list-manage.com,Female,253.175.28.232
730,Catlin,Staterfield,cstaterfieldk9@columbia.edu,Female,52.21.202.21
731,Mirella,Crosse,mcrosseka@patch.com,Female,217.29.131.254
732,Brod,Tooley,btooleykb@opensource.org,Non-binary,31.93.55.214
733,Elsy,Zuker,ezukerkc@elpais.com,Bigender,254.230.224.246
734,Rube,Searl,rsearlkd@people.com.cn,Male,40.192.62.226
735,Reine,Dreger,rdregerke@zimbio.com,Female,135.226.184.70
736,Ted,Bere,tberekf@reference.com,Male,86.167.124.128
737,Regina,Sherrott,rsherrottkg@ovh.net,Female,18.11.240.248
738,Megen,Schnitter,mschnitterkh@squarespace.com,Female,189.1.37.91
739,Tabb,Breeton,tbreetonki@bravesites.com,Male,195.75.113.22
740,Tuckie,Repper,trepperkj@drupal.org,Male,228.234.154.218
741,Miltie,Achromov,machromovkk@nature.com,Male,128.240.110.195
742,Carleen,Raffels,craffelskl@geocities.com,Female,26.220.195.6
743,Holly,Eyeington,heyeingtonkm@marketwatch.com,Female,51.91.20.156
744,Kati,Bernot,kbernotkn@github.com,Female,32.185.117.35
745,Wilone,Garioch,wgariochko@goodreads.com,Female,190.43.170.140
746,Lazar,Moxted,lmoxtedkp@cargocollective.com,Male,149.247.93.42
747,Ingaborg,Redwing,iredwingkq@spiegel.de,Female,173.156.11.184
748,Kari,Northleigh,knorthleighkr@surveymonkey.com,Female,183.184.253.148
749,Otto,Bollis,obollisks@vistaprint.com,Male,136.172.155.53
750,Aurilia,Vasiljevic,avasiljevickt@alexa.com,Female,41.28.2.105
751,Valeria,Lindroos,vlindroosku@dell.com,Female,58.25.120.185
752,Tudor,Freda,tfredakv@devhub.com,Male,97.54.65.140
753,Meade,Pattrick,mpattrickkw@feedburner.com,Female,203.80.6.203
754,Wilhelmina,Wyard,wwyardkx@cbc.ca,Female,210.130.109.118
755,Dorthy,Tourne,dtourneky@gmpg.org,Female,44.179.192.218
756,Gertie,Frampton,gframptonkz@twitter.com,Female,27.234.44.28
757,Clifford,Dreghorn,cdreghornl0@timesonline.co.uk,Male,124.69.41.23
758,Alberik,Peeke-Vout,apeekevoutl1@flavors.me,Male,167.149.36.181
759,Hilton,Challener,hchallenerl2@artisteer.com,Male,121.150.247.51
760,Latisha,Curedale,lcuredalel3@booking.com,Female,40.66.222.159
761,Bart,Tingley,btingleyl4@altervista.org,Male,55.91.69.184
762,Boycie,Syson,bsysonl5@bing.com,Male,47.120.208.41
763,Hans,Gawith,hgawithl6@hexun.com,Male,58.217.36.133
764,Melissa,Ellerman,mellermanl7@ocn.ne.jp,Female,202.59.59.29
765,Sharlene,Quakley,squakleyl8@phpbb.com,Female,89.21.202.1
766,Adria,Marczyk,amarczykl9@dailymail.co.uk,Female,236.82.181.145
767,Austina,Unsworth,aunsworthla@privacy.gov.au,Female,227.185.197.229
768,Mannie,Collerd,mcollerdlb@fotki.com,Male,191.183.219.47
769,Roseanna,Trowle,rtrowlelc@hibu.com,Female,185.219.156.159
770,Carlie,Ladel,cladelld@zdnet.com,Male,27.155.243.122
771,Bogart,Gavey,bgaveyle@wikispaces.com,Male,241.7.122.86
772,Carson,Cohani,ccohanilf@unblog.fr,Male,221.135.231.81
773,Moshe,Bleier,mbleierlg@topsy.com,Male,14.110.123.175
774,Garrik,Greally,ggreallylh@toplist.cz,Male,192.230.218.172
775,Ede,de Voiels,edevoielsli@discuz.net,Female,195.94.51.251
776,Uriah,Christoffels,uchristoffelslj@about.me,Male,195.237.211.230
777,Mabelle,Bronger,mbrongerlk@ezinearticles.com,Female,2.42.184.65
778,Ava,Haggata,ahaggatall@slashdot.org,Female,245.248.192.39
779,Coretta,Hartfield,chartfieldlm@over-blog.com,Female,5.199.22.129
780,Claudianus,McTerry,cmcterryln@cocolog-nifty.com,Male,225.253.2.93
781,Staford,Buntain,sbuntainlo@reddit.com,Male,169.16.149.176
782,Lucretia,Alenin,laleninlp@ftc.gov,Female,46.157.242.222
783,Reade,Romeril,rromerillq@de.vu,Male,1.246.27.218
784,Aileen,Daysh,adayshlr@toplist.cz,Female,220.97.237.8
785,Crin,Beedell,cbeedellls@storify.com,Female,115.150.33.74
786,Hamnet,Haswall,hhaswalllt@springer.com,Male,6.135.221.32
787,Bibby,Cattermull,bcattermulllu@ucla.edu,Female,67.203.95.24
788,Kendrick,Girardengo,kgirardengolv@harvard.edu,Male,89.139.2.201
789,Geno,Kybbye,gkybbyelw@storify.com,Male,233.102.33.209
790,Crichton,O' Liddy,coliddylx@apple.com,Male,146.245.186.229
791,Roderic,Crossland,rcrosslandly@51.la,Male,231.43.69.80
792,Maible,Hamstead,mhamsteadlz@bigcartel.com,Female,45.4.141.163
793,Emmerich,Osban,eosbanm0@narod.ru,Male,214.212.106.99
794,Fanchette,Bacon,fbaconm1@cnet.com,Female,232.17.165.234
795,Ozzie,Zecchinii,ozecchiniim2@blog.com,Male,179.138.8.164
796,Jerry,Websdale,jwebsdalem3@yellowbook.com,Female,93.136.117.240
797,Marietta,Schreurs,mschreursm4@weather.com,Male,52.204.30.13
798,Wallas,Tregidga,wtregidgam5@yellowpages.com,Male,150.216.228.193
799,Oralla,Simpkins,osimpkinsm6@reverbnation.com,Female,120.157.135.68
800,Kippie,Hundell,khundellm7@msu.edu,Male,19.21.10.182
801,Manuel,Willeson,mwillesonm8@webs.com,Male,232.233.231.8
802,Donnie,Seater,dseaterm9@huffingtonpost.com,Female,3.148.48.232
803,Claribel,Danilchik,cdanilchikma@studiopress.com,Female,143.208.136.162
804,Melamie,Garms,mgarmsmb@baidu.com,Female,76.33.215.44
805,Johnathan,Mewton,jmewtonmc@chicagotribune.com,Genderqueer,150.67.211.148
806,Adrien,Montrose,amontrosemd@chronoengine.com,Male,106.20.18.170
807,Darleen,Cluet,dcluetme@newsvine.com,Female,57.57.138.123
808,Karl,Linstead,klinsteadmf@sourceforge.net,Male,163.47.82.233
809,Ivar,Corballis,icorballismg@nymag.com,Male,69.0.102.251
810,Knox,Armitt,karmittmh@telegraph.co.uk,Male,137.156.220.180
811,Gun,Banister,gbanistermi@moonfruit.com,Male,186.177.209.7
812,Caritta,Jewell,cjewellmj@tiny.cc,Female,29.106.14.21
813,Paddy,Graalmans,pgraalmansmk@paypal.com,Male,14.68.214.70
814,Oren,Mouton,omoutonml@diigo.com,Male,142.254.242.154
815,Poul,McCullough,pmcculloughmm@unesco.org,Male,97.1.248.115
816,Elston,Carnaman,ecarnamanmn@columbia.edu,Male,57.76.30.215
817,Arluene,Nobes,anobesmo@surveymonkey.com,Female,88.103.222.188
818,Doe,Poulter,dpoultermp@fema.gov,Female,170.43.134.148
819,Hank,Vearncombe,hvearncombemq@uol.com.br,Male,220.209.150.213
820,Gabriela,Rearie,greariemr@barnesandnoble.com,Female,105.50.82.33
821,Lise,Mowsley,lmowsleyms@lulu.com,Female,248.168.222.11
822,Tiffanie,Farran,tfarranmt@ustream.tv,Female,164.130.253.21
823,Hailey,Matschke,hmatschkemu@cbslocal.com,Male,146.73.118.248
824,Chase,Rimmington,crimmingtonmv@webmd.com,Male,155.99.172.172
825,Rosalia,Widdowes,rwiddowesmw@bbb.org,Polygender,140.234.43.29
826,Malachi,Beedon,mbeedonmx@mlb.com,Male,181.196.184.7
827,Raimundo,Bremond,rbremondmy@e-recht24.de,Male,214.188.105.50
828,Florri,Moakson,fmoaksonmz@msu.edu,Genderqueer,101.29.15.60
829,Delia,Jeune,djeunen0@china.com.cn,Female,80.181.114.174
830,Erika,Mazzeo,emazzeon1@godaddy.com,Female,183.173.113.196
831,Penni,Huckleby,phucklebyn2@gov.uk,Female,23.104.124.215
832,Henri,MacAllester,hmacallestern3@npr.org,Male,77.59.106.152
833,Morgana,Shailer,mshailern4@xrea.com,Female,250.183.111.13
834,Lonnie,Runsey,lrunseyn5@unicef.org,Female,60.221.250.246
835,Shelton,Trowsdall,strowsdalln6@infoseek.co.jp,Male,67.205.128.154
836,Hendrika,Harper,hharpern7@phpbb.com,Female,50.34.102.67
837,Darryl,Glendzer,dglendzern8@europa.eu,Male,217.46.133.134
838,Gena,Verney,gverneyn9@elegantthemes.com,Female,227.216.233.95
839,Lars,Goodbourn,lgoodbournna@imgur.com,Male,181.46.220.89
840,Winni,Friskey,wfriskeynb@bluehost.com,Female,55.165.249.38
841,Charline,Edmondson,cedmondsonnc@usa.gov,Female,129.171.69.121
842,Andy,Honsch,ahonschnd@loc.gov,Female,188.66.184.89
843,Yves,Auchterlonie,yauchterloniene@google.ru,Male,146.62.111.13
844,Charil,Megroff,cmegroffnf@odnoklassniki.ru,Female,45.224.55.76
845,Maddie,Silcock,msilcockng@e-recht24.de,Bigender,181.192.187.116
846,Ethelind,Pidduck,epidducknh@google.com.hk,Female,217.40.152.160
847,Zuzana,Cool,zcoolni@de.vu,Bigender,125.227.67.203
848,Delmore,Burgon,dburgonnj@answers.com,Male,171.184.230.91
849,Celina,Drain,cdrainnk@msn.com,Polygender,106.178.103.28
850,Major,Brimfield,mbrimfieldnl@biglobe.ne.jp,Male,207.26.227.72
851,Laurena,Sherborn,lsherbornnm@shareasale.com,Female,170.233.51.206
852,Che,Moss,cmossnn@creativecommons.org,Male,44.173.74.184
853,Oralle,Matias,omatiasno@goo.gl,Female,209.168.68.249
854,Jacques,Willingale,jwillingalenp@slideshare.net,Male,168.131.217.154
855,Corine,Ochterlony,cochterlonynq@cdc.gov,Genderfluid,43.0.180.62
856,Ermin,Wheelband,ewheelbandnr@globo.com,Male,79.201.225.136
857,Hulda,Aveyard,haveyardns@imgur.com,Female,44.159.164.227
858,Quintina,Royce,qroycent@cpanel.net,Female,7.35.204.21
859,Heall,Brolly,hbrollynu@netlog.com,Male,237.53.107.215
860,Skipp,Harmour,sharmournv@hubpages.com,Male,136.140.55.139
861,Hoebart,Kleinpeltz,hkleinpeltznw@gravatar.com,Male,91.70.127.67
862,Olenka,Pavlenkov,opavlenkovnx@meetup.com,Female,164.50.39.17
863,Rubina,Somerled,rsomerledny@hubpages.com,Non-binary,226.251.49.121
864,Thibaud,Markos,tmarkosnz@taobao.com,Male,140.168.166.254
865,Cherri,Winchurst,cwinchursto0@qq.com,Female,251.128.135.242
866,Devin,Penelli,dpenellio1@japanpost.jp,Female,71.76.91.122
867,Drusy,Hrinchenko,dhrinchenkoo2@microsoft.com,Genderqueer,37.59.251.83
868,Sib,Standing,sstandingo3@prnewswire.com,Female,83.199.107.126
869,Maddie,Gobolos,mgoboloso4@marriott.com,Male,98.109.157.125
870,Gavra,Waine,gwaineo5@vimeo.com,Female,30.46.77.162
871,Dalt,Syers,dsyerso6@cbsnews.com,Male,21.251.242.216
872,Stu,Girod,sgirodo7@homestead.com,Agender,195.34.78.20
873,Karlotte,Larive,klariveo8@cmu.edu,Female,75.0.41.215
874,Jareb,Seger,jsegero9@sakura.ne.jp,Male,20.183.162.14
875,Delaney,Costigan,dcostiganoa@t.co,Male,233.141.182.171
876,Adamo,Spellessy,aspellessyob@indiatimes.com,Male,251.35.29.213
877,Clayton,Dunlap,cdunlapoc@psu.edu,Male,171.189.150.87
878,Tomaso,McCard,tmccardod@ihg.com,Male,144.91.156.73
879,Daniel,Kroger,dkrogeroe@miibeian.gov.cn,Agender,194.226.22.103
880,Anita,Mowling,amowlingof@amazon.co.uk,Female,42.56.102.50
881,Marylin,Woodroof,mwoodroofog@guardian.co.uk,Female,252.253.122.128
882,Carlene,Bosson,cbossonoh@ehow.com,Female,23.249.21.187
883,Shel,Muggeridge,smuggeridgeoi@wikispaces.com,Female,188.125.163.135
884,Basilio,Huge,bhugeoj@microsoft.com,Male,118.215.89.11
885,Flem,Tyre,ftyreok@sohu.com,Male,123.61.236.145
886,Salvatore,MacMenemy,smacmenemyol@fema.gov,Non-binary,119.208.6.241
887,Ardella,Johannesson,ajohannessonom@cafepress.com,Female,167.191.54.229
888,Reggie,Harmes,rharmeson@hexun.com,Male,157.20.156.205
889,Winne,McKintosh,wmckintoshoo@google.com,Female,62.84.37.146
890,Mildred,Doyle,mdoyleop@ucoz.ru,Female,138.169.103.46
891,Randy,Ladley,rladleyoq@bloglovin.com,Genderqueer,111.48.144.219
892,Lena,Rogerot,lrogerotor@xrea.com,Female,111.7.101.27
893,Tamera,Axten,taxtenos@cnn.com,Female,162.97.45.85
894,Fianna,Unwin,funwinot@marketwatch.com,Genderqueer,13.54.163.224
895,Reade,Caplis,rcaplisou@apache.org,Male,157.134.51.30
896,Marysa,Woloschinski,mwoloschinskiov@jiathis.com,Female,17.7.35.45
897,Val,Gilchrest,vgilchrestow@stanford.edu,Male,248.104.170.9
898,Alyse,Fenners,afennersox@reddit.com,Female,177.230.211.103
899,Wilfrid,Abriani,wabrianioy@aboutads.info,Male,159.171.71.248
900,Kristy,Catterell,kcatterelloz@imgur.com,Genderqueer,219.136.102.246
901,Deina,Sabattier,dsabattierp0@redcross.org,Female,79.246.14.61
902,Alanah,Muslim,amuslimp1@naver.com,Female,45.122.89.39
903,Chrystel,Leheude,cleheudep2@bandcamp.com,Female,89.5.52.253
904,Vaughn,Ravilus,vravilusp3@techcrunch.com,Male,63.115.159.130
905,Sherman,Bonallick,sbonallickp4@sfgate.com,Male,60.75.96.236
906,Shaine,Ancell,sancellp5@about.me,Female,71.13.85.169
907,Dede,Elsy,delsyp6@kickstarter.com,Female,99.242.166.200
908,Shannon,Markwelley,smarkwelleyp7@acquirethisname.com,Male,6.109.148.195
909,Tasia,Wimbridge,twimbridgep8@blogs.com,Female,140.222.239.228
910,Roxana,Rassell,rrassellp9@fda.gov,Female,209.242.169.234
911,Ingeberg,Brellin,ibrellinpa@fastcompany.com,Female,46.123.127.139
912,Karel,Bolin,kbolinpb@mediafire.com,Male,215.242.81.247
913,Brander,Staries,bstariespc@feedburner.com,Male,195.129.3.176
914,Marji,Daid,mdaidpd@tumblr.com,Female,174.166.117.82
915,Purcell,Brannon,pbrannonpe@bizjournals.com,Male,34.136.8.146
916,Franz,Furnell,ffurnellpf@guardian.co.uk,Male,199.93.179.181
917,Carlee,Scholar,cscholarpg@oracle.com,Genderfluid,120.213.159.71
918,Hershel,Satyford,hsatyfordph@aboutads.info,Male,120.169.203.159
919,Cortney,Esslemont,cesslemontpi@dion.ne.jp,Female,248.241.228.194
920,Teena,Woehler,twoehlerpj@wired.com,Female,6.233.142.40
921,Marina,Seaborne,mseabornepk@e-recht24.de,Female,84.83.193.0
922,Marijo,Mylan,mmylanpl@symantec.com,Female,80.69.9.31
923,Husein,Hatherleigh,hhatherleighpm@ustream.tv,Male,246.118.217.28
924,Judie,Meiklem,jmeiklempn@hhs.gov,Genderqueer,244.135.29.247
925,Ronnie,Donativo,rdonativopo@pcworld.com,Female,174.42.77.234
926,Gail,Govern,ggovernpp@netlog.com,Male,200.4.245.159
927,Diana,Jolliman,djollimanpq@csmonitor.com,Female,78.237.111.24
928,Lucias,Scotney,lscotneypr@ustream.tv,Male,60.84.115.12
929,Samuele,Jamblin,sjamblinps@squidoo.com,Male,169.186.38.172
930,Julius,Carwithen,jcarwithenpt@google.it,Non-binary,74.69.197.92
931,Vanny,Grennan,vgrennanpu@baidu.com,Female,185.14.11.198
932,Masha,Dumbrill,mdumbrillpv@amazon.co.jp,Female,157.135.246.55
933,Bendick,Frankham,bfrankhampw@adobe.com,Male,5.67.73.106
934,Cass,Assad,cassadpx@edublogs.org,Female,193.71.9.67
935,Thaddeus,Ditzel,tditzelpy@apple.com,Male,243.18.125.79
936,Stephen,Aubrey,saubreypz@de.vu,Male,41.216.127.8
937,Cyndie,Yoxall,cyoxallq0@samsung.com,Female,57.187.199.76
938,Hana,Tyler,htylerq1@wordpress.org,Agender,120.109.31.20
939,Bar,Buswell,bbuswellq2@biglobe.ne.jp,Male,119.35.221.21
940,Anna-diane,Marrows,amarrowsq3@microsoft.com,Female,252.184.236.219
941,Donavon,Camosso,dcamossoq4@photobucket.com,Male,111.56.127.82
942,Aubree,Tayloe,atayloeq5@comsenz.com,Female,176.249.174.38
943,Freemon,Paiton,fpaitonq6@aol.com,Male,41.57.22.36
944,Milissent,Bramich,mbramichq7@gnu.org,Female,103.121.191.207
945,Zorah,Ipwell,zipwellq8@slashdot.org,Female,95.123.7.155
946,Agnola,Jedrachowicz,ajedrachowiczq9@yelp.com,Female,195.193.86.56
947,Nicol,Trendle,ntrendleqa@google.cn,Female,169.30.34.193
948,Boote,Laugharne,blaugharneqb@free.fr,Male,224.134.123.200
949,Danya,Edgeley,dedgeleyqc@clickbank.net,Male,104.19.193.205
950,Alain,Rubinlicht,arubinlichtqd@cbc.ca,Genderfluid,174.170.166.212
951,Mac,Bolte,mbolteqe@ifeng.com,Male,220.133.154.109
952,Selinda,Dulen,sdulenqf@bizjournals.com,Female,238.86.133.12
953,Minni,Howgate,mhowgateqg@answers.com,Female,20.215.78.173
954,Stearn,Leguey,slegueyqh@about.me,Male,160.65.244.251
955,Sol,Schollar,sschollarqi@freewebs.com,Male,203.64.119.197
956,Randy,De Michetti,rdemichettiqj@about.me,Female,14.96.14.20
957,Jo-ann,Paulazzi,jpaulazziqk@blogger.com,Female,208.7.56.195
958,Melitta,Sandels,msandelsql@ustream.tv,Female,6.35.234.248
959,Hattie,Barlow,hbarlowqm@acquirethisname.com,Female,49.216.66.61
960,Dell,Goold,dgooldqn@vinaora.com,Male,131.70.246.230
961,Jonathon,Bunhill,jbunhillqo@bbc.co.uk,Agender,221.20.164.203
962,Wilmer,Nolan,wnolanqp@e-recht24.de,Male,77.241.236.38
963,Mordy,Pallent,mpallentqq@google.es,Male,217.216.126.1
964,Dom,Tremouille,dtremouilleqr@ovh.net,Male,239.150.155.107
965,Genia,Bysh,gbyshqs@yandex.ru,Female,65.116.12.16
966,Bertina,Reedman,breedmanqt@skyrock.com,Female,254.216.159.68
967,Freemon,Naul,fnaulqu@google.it,Agender,66.94.234.54
968,Liesa,Belchamp,lbelchampqv@twitter.com,Female,86.88.48.27
969,Reynard,Chilley,rchilleyqw@parallels.com,Genderfluid,206.168.15.16
970,Reeba,Leward,rlewardqx@un.org,Female,36.105.225.222
971,Gunner,Marioneau,gmarioneauqy@prweb.com,Genderqueer,195.82.49.173
972,Dal,Lowell,dlowellqz@netscape.com,Non-binary,49.50.87.205
973,Emmalynn,Jamblin,ejamblinr0@e-recht24.de,Female,46.248.20.56
974,Neel,Featonby,nfeatonbyr1@a8.net,Male,79.235.41.63
975,Kaleb,Pettecrew,kpettecrewr2@aboutads.info,Male,97.130.191.221
976,Felice,Sibthorp,fsibthorpr3@ft.com,Female,60.115.22.114
977,Carlee,Hardie,chardier4@vistaprint.com,Female,167.143.72.119
978,Rivy,Prozescky,rprozesckyr5@ox.ac.uk,Female,75.42.102.66
979,Noellyn,Brackenridge,nbrackenridger6@scribd.com,Female,38.137.14.79
980,Guenna,McGifford,gmcgiffordr7@accuweather.com,Female,57.132.75.7
981,Ronnie,Laviss,rlavissr8@ow.ly,Female,171.34.119.236
982,Anabella,Veare,avearer9@jiathis.com,Female,100.150.33.70
983,Lucinda,Southerden,lsoutherdenra@sitemeter.com,Female,69.221.22.128
984,Levi,Yakubov,lyakubovrb@networkadvertising.org,Male,160.49.232.133
985,Hillard,Klimpt,hklimptrc@buzzfeed.com,Male,248.113.220.249
986,Damara,Suerz,dsuerzrd@nps.gov,Female,104.112.1.115
987,Adel,Brunsdon,abrunsdonre@bravesites.com,Female,244.28.26.198
988,Rafa,Surpliss,rsurplissrf@merriam-webster.com,Female,111.79.48.162
989,Priscella,Sowman,psowmanrg@amazon.co.jp,Female,97.25.206.237
990,Edsel,Rawll,erawllrh@g.co,Male,254.82.85.31
991,Nathaniel,Feares,nfearesri@wikipedia.org,Male,168.180.40.39
992,Fernandina,Di Matteo,fdimatteorj@tripadvisor.com,Genderfluid,86.91.244.102
993,Rosabel,Winfindine,rwinfindinerk@apple.com,Female,240.204.13.24
994,Pavlov,Dunster,pdunsterrl@vimeo.com,Male,144.115.126.137
995,Jere,Varran,jvarranrm@indiegogo.com,Female,126.27.179.180
996,Berti,Sausman,bsausmanrn@ft.com,Male,34.43.205.132
997,Kellen,Skrines,kskrinesro@nsw.gov.au,Male,34.192.134.84
998,Melany,Kimbley,mkimbleyrp@symantec.com,Female,218.152.96.148
999,Shelby,Bellas,sbellasrq@japanpost.jp,Male,75.96.167.246
1000,Monica,Rangeley,mrangeleyrr@flickr.com,Female,229.180.110.184
